epoch,step,train_loss
0,49,1.400582194328308
0,99,1.4420783519744873
