epoch,step,train_loss
0,49,0.28998059034347534
0,99,0.7250446081161499
0,149,0.580132007598877
0,199,0.20686864852905273
0,249,-0.14012831449508667
0,299,0.38389864563941956
0,349,0.16518527269363403
0,399,0.2954597771167755
0,449,0.2405668944120407
0,499,0.1695445477962494
0,549,0.11264757812023163
0,599,0.2774144411087036
0,649,0.0034770388156175613
0,699,0.2898358106613159
0,749,0.17672504484653473
0,799,0.2812919616699219
0,849,0.319637656211853
0,899,0.2008131742477417
